severity_score,severity_level,urgency_score,combined_priority,estimated_fix_time,recommended_action
1,TRIVIAL - Can be ignored,1,TRIVIAL - Can be ignored,1-2 months,💡 NOTE: Can be fixed when time permits or closed as won't fix
1,TRIVIAL - Can be ignored,1,TRIVIAL - Can be ignored,1-2 months,💡 NOTE: Can be fixed when time permits or closed as won't fix
3,MEDIUM - Fix next sprint,1,LOW - Fix when possible,1-2 weeks,"⚡ PRIORITY: Add to next sprint, assign to experienced developer"
1,TRIVIAL - Can be ignored,1,TRIVIAL - Can be ignored,1-2 months,💡 NOTE: Can be fixed when time permits or closed as won't fix
1,TRIVIAL - Can be ignored,1,TRIVIAL - Can be ignored,1-2 months,💡 NOTE: Can be fixed when time permits or closed as won't fix
2,LOW - Fix when possible,1,TRIVIAL - Can be ignored,2-4 weeks,"📋 PLAN: Add to backlog, schedule for next quarter"
1,TRIVIAL - Can be ignored,1,TRIVIAL - Can be ignored,1-2 months,💡 NOTE: Can be fixed when time permits or closed as won't fix
1,TRIVIAL - Can be ignored,1,TRIVIAL - Can be ignored,1-2 months,💡 NOTE: Can be fixed when time permits or closed as won't fix
5,CRITICAL - Fix immediately (today),1,MEDIUM - Fix next sprint,1-3 days (critical),"🚨 IMMEDIATE: Assign to senior developer, notify manager"
2,LOW - Fix when possible,1,TRIVIAL - Can be ignored,2-4 weeks,"📋 PLAN: Add to backlog, schedule for next quarter"
